Title,Price,Rating,Colors,Size,Gender,Timestamp
T-shirt 2,1634400.0,3.9,3,M,Women,2026-05-17 11:29:22.161503
Hoodie 3,7950080.0,4.8,3,L,Unisex,2026-05-17 11:29:22.161625
Pants 4,7476960.0,3.3,3,XL,Men,2026-05-17 11:29:22.161751
Outerwear 5,5145440.0,3.5,3,XXL,Women,2026-05-17 11:29:22.161865
Jacket 6,2453920.0,3.3,3,S,Unisex,2026-05-17 11:29:22.161981
Crewneck 7,6892000.0,4.3,3,M,Men,2026-05-17 11:29:22.162100
T-shirt 8,7802560.0,3.1,3,L,Women,2026-05-17 11:29:22.162213
Hoodie 9,3972160.0,3.2,3,XL,Unisex,2026-05-17 11:29:22.162326
Pants 10,3100160.0,4.2,3,XXL,Men,2026-05-17 11:29:22.162439
Jacket 12,8527840.0,3.9,3,M,Unisex,2026-05-17 11:29:22.162665
Crewneck 13,5447200.0,3.2,3,L,Men,2026-05-17 11:29:22.162785
T-shirt 14,3248800.0,3.8,3,XL,Women,2026-05-17 11:29:22.162897
Hoodie 15,2184160.0,3.6,3,XXL,Unisex,2026-05-17 11:29:22.163007
Outerwear 17,841600.0,3.8,3,M,Women,2026-05-17 11:29:22.163227
Jacket 18,5500000.0,3.8,3,L,Unisex,2026-05-17 11:29:22.163338
Crewneck 19,1308960.0,3.6,3,XL,Men,2026-05-17 11:29:22.163451
T-shirt 20,1325600.0,3.4,3,XXL,Women,2026-05-17 11:29:22.163562
Pants 22,4319680.0,4.9,3,M,Men,2026-05-17 11:29:22.208207
Outerwear 23,4655840.0,3.7,3,L,Women,2026-05-17 11:29:22.208367
Jacket 24,8223520.0,3.9,3,XL,Unisex,2026-05-17 11:29:22.208517
Crewneck 25,8322559.999999999,3.3,3,XXL,Men,2026-05-17 11:29:22.208663
T-shirt 26,7292320.0,4.6,3,S,Women,2026-05-17 11:29:22.208813
Hoodie 27,3551840.0,4.8,3,M,Unisex,2026-05-17 11:29:22.208961
Pants 28,5216160.0,4.0,3,L,Men,2026-05-17 11:29:22.209101
Outerwear 29,861600.0,3.1,3,XL,Women,2026-05-17 11:29:22.209253
Jacket 30,8610240.0,3.7,3,XXL,Unisex,2026-05-17 11:29:22.209391
T-shirt 32,6657920.0,3.4,3,M,Women,2026-05-17 11:29:22.209672
Hoodie 33,7248160.0,3.5,3,L,Unisex,2026-05-17 11:29:22.209812
Pants 34,8362719.999999999,3.8,3,XL,Men,2026-05-17 11:29:22.209956
Outerwear 35,1356160.0,3.8,3,XXL,Women,2026-05-17 11:29:22.210095
Jacket 36,7249280.0,3.7,3,S,Unisex,2026-05-17 11:29:22.210233
Crewneck 37,6006080.0,4.0,3,M,Men,2026-05-17 11:29:22.210378
T-shirt 38,4866080.0,3.2,3,L,Women,2026-05-17 11:29:22.210519
Hoodie 39,6431200.0,4.6,3,XL,Unisex,2026-05-17 11:29:22.210662
Pants 40,5853600.0,3.1,3,XXL,Men,2026-05-17 11:29:22.210803
Jacket 42,6744160.0,3.7,3,M,Unisex,2026-05-17 11:29:22.256762
Crewneck 43,2909600.0,4.5,3,L,Men,2026-05-17 11:29:22.256876
T-shirt 44,3312320.0,3.0,3,XL,Women,2026-05-17 11:29:22.256995
Hoodie 45,8693120.0,4.5,3,XXL,Unisex,2026-05-17 11:29:22.257107
Outerwear 47,6364640.0,3.2,3,M,Women,2026-05-17 11:29:22.257332
Jacket 48,4994720.0,3.4,3,L,Unisex,2026-05-17 11:29:22.257444
Crewneck 49,1071200.0,4.0,3,XL,Men,2026-05-17 11:29:22.257555
T-shirt 50,5932960.0,3.1,3,XXL,Women,2026-05-17 11:29:22.257666
Pants 52,1596480.0,4.0,3,M,Men,2026-05-17 11:29:22.257889
Outerwear 53,4470880.0,4.3,3,L,Women,2026-05-17 11:29:22.257999
Jacket 54,854560.0,4.2,3,XL,Unisex,2026-05-17 11:29:22.258111
Crewneck 55,1793760.0,3.6,3,XXL,Men,2026-05-17 11:29:22.258228
T-shirt 56,4643040.0,3.8,3,S,Women,2026-05-17 11:29:22.258340
Hoodie 57,3155360.0,4.9,3,M,Unisex,2026-05-17 11:29:22.258451
Pants 58,1637760.0,4.4,3,L,Men,2026-05-17 11:29:22.258562
Outerwear 59,2254240.0,4.6,3,XL,Women,2026-05-17 11:29:22.258673
Jacket 60,3375520.0,4.2,3,XXL,Unisex,2026-05-17 11:29:22.258788
T-shirt 62,1376480.0,3.8,3,M,Women,2026-05-17 11:29:22.311545
Hoodie 63,6479200.0,3.6,3,L,Unisex,2026-05-17 11:29:22.311660
Pants 64,7728480.0,4.0,3,XL,Men,2026-05-17 11:29:22.311773
Outerwear 65,2385920.0,4.1,3,XXL,Women,2026-05-17 11:29:22.311886
Jacket 66,4353120.0,3.5,3,S,Unisex,2026-05-17 11:29:22.311998
Crewneck 67,8470720.0,3.5,3,M,Men,2026-05-17 11:29:22.312115
T-shirt 68,8025280.0,4.0,3,L,Women,2026-05-17 11:29:22.312228
Hoodie 69,1027839.9999999999,3.6,3,XL,Unisex,2026-05-17 11:29:22.312338
Pants 70,1171360.0,4.4,3,XXL,Men,2026-05-17 11:29:22.312451
Jacket 72,3776000.0,4.4,3,M,Unisex,2026-05-17 11:29:22.312675
Crewneck 73,2460320.0,3.0,3,L,Men,2026-05-17 11:29:22.312787
T-shirt 74,7704800.0,3.8,3,XL,Women,2026-05-17 11:29:22.312898
Hoodie 75,2101760.0,4.3,3,XXL,Unisex,2026-05-17 11:29:22.313009
Outerwear 77,861760.0,3.7,3,M,Women,2026-05-17 11:29:22.313237
Jacket 78,2716480.0,4.3,3,L,Unisex,2026-05-17 11:29:22.313349
Crewneck 79,3309600.0,4.6,3,XL,Men,2026-05-17 11:29:22.313466
T-shirt 80,4178399.9999999995,4.5,3,XXL,Women,2026-05-17 11:29:22.313577
Pants 82,8315520.0,4.8,3,M,Men,2026-05-17 11:29:22.359616
Outerwear 83,3947840.0,3.7,3,L,Women,2026-05-17 11:29:22.359735
Jacket 84,2826080.0,4.8,3,XL,Unisex,2026-05-17 11:29:22.359863
Crewneck 85,4564160.0,3.5,3,XXL,Men,2026-05-17 11:29:22.359978
T-shirt 86,1670880.0,3.9,3,S,Women,2026-05-17 11:29:22.360099
Hoodie 87,7870240.0,4.3,3,M,Unisex,2026-05-17 11:29:22.360228
Pants 88,7590400.0,3.1,3,L,Men,2026-05-17 11:29:22.360341
Outerwear 89,4856320.0,3.0,3,XL,Women,2026-05-17 11:29:22.360454
Jacket 90,7160000.0,4.0,3,XXL,Unisex,2026-05-17 11:29:22.360566
T-shirt 92,5012320.0,3.5,3,M,Women,2026-05-17 11:29:22.360792
Hoodie 93,1365280.0,3.6,3,L,Unisex,2026-05-17 11:29:22.360904
Pants 94,1074880.0,4.3,3,XL,Men,2026-05-17 11:29:22.361017
Outerwear 95,6062240.0,3.5,3,XXL,Women,2026-05-17 11:29:22.361130
Jacket 96,4598240.0,4.9,3,S,Unisex,2026-05-17 11:29:22.361243
Crewneck 97,6113120.0,3.9,3,M,Men,2026-05-17 11:29:22.361366
T-shirt 98,8596960.0,3.1,3,L,Women,2026-05-17 11:29:22.361479
Hoodie 99,5028000.0,3.6,3,XL,Unisex,2026-05-17 11:29:22.361593
Pants 100,2217280.0,4.6,3,XXL,Men,2026-05-17 11:29:22.361705
Jacket 102,3840640.0,3.3,3,M,Unisex,2026-05-17 11:29:22.425771
Crewneck 103,2331680.0,3.5,3,L,Men,2026-05-17 11:29:22.425902
T-shirt 104,2374400.0,3.8,3,XL,Women,2026-05-17 11:29:22.426021
Hoodie 105,5019840.0,4.2,3,XXL,Unisex,2026-05-17 11:29:22.426138
Outerwear 107,6625120.0,4.0,3,M,Women,2026-05-17 11:29:22.426369
Jacket 108,5551680.0,4.8,3,L,Unisex,2026-05-17 11:29:22.426483
Crewneck 109,5886880.0,3.3,3,XL,Men,2026-05-17 11:29:22.426595
T-shirt 110,7197120.0,4.6,3,XXL,Women,2026-05-17 11:29:22.426706
Pants 112,4261920.0,3.3,3,M,Men,2026-05-17 11:29:22.426930
Outerwear 113,4472000.0,3.7,3,L,Women,2026-05-17 11:29:22.427042
Jacket 114,5386560.0,4.9,3,XL,Unisex,2026-05-17 11:29:22.427153
Crewneck 115,1933280.0,4.5,3,XXL,Men,2026-05-17 11:29:22.427264
T-shirt 116,3474560.0,3.0,3,S,Women,2026-05-17 11:29:22.427375
Hoodie 117,3376320.0,5.0,3,M,Unisex,2026-05-17 11:29:22.427485
Pants 118,5585440.0,3.2,3,L,Men,2026-05-17 11:29:22.427603
Outerwear 119,3561760.0,3.4,3,XL,Women,2026-05-17 11:29:22.427713
Jacket 120,7480320.0,4.0,3,XXL,Unisex,2026-05-17 11:29:22.427824
T-shirt 122,1961920.0,3.6,3,M,Women,2026-05-17 11:29:22.472631
Hoodie 123,4498080.0,3.8,3,L,Unisex,2026-05-17 11:29:22.472747
Pants 124,7023520.0,3.2,3,XL,Men,2026-05-17 11:29:22.472862
Outerwear 125,6998240.0,4.2,3,XXL,Women,2026-05-17 11:29:22.472976
Jacket 126,4426080.0,3.9,3,S,Unisex,2026-05-17 11:29:22.473091
Crewneck 127,8311680.0,4.0,3,M,Men,2026-05-17 11:29:22.473204
T-shirt 128,4466720.0,3.8,3,L,Women,2026-05-17 11:29:22.473321
Hoodie 129,2532480.0,4.5,3,XL,Unisex,2026-05-17 11:29:22.473434
Pants 130,6603520.0,4.8,3,XXL,Men,2026-05-17 11:29:22.473549
Jacket 132,6474880.0,4.2,3,M,Unisex,2026-05-17 11:29:22.473778
Crewneck 133,2016320.0,4.7,3,L,Men,2026-05-17 11:29:22.473895
T-shirt 134,5937440.0,3.2,3,XL,Women,2026-05-17 11:29:22.474008
Hoodie 135,5141440.0,4.7,3,XXL,Unisex,2026-05-17 11:29:22.474121
Outerwear 137,6988320.0,4.5,3,M,Women,2026-05-17 11:29:22.474345
Jacket 138,4635520.0,3.4,3,L,Unisex,2026-05-17 11:29:22.474458
Crewneck 139,8053120.0,4.5,3,XL,Men,2026-05-17 11:29:22.474570
T-shirt 140,6811040.0,3.5,3,XXL,Women,2026-05-17 11:29:22.474681
Pants 142,2325280.0,4.9,3,M,Men,2026-05-17 11:29:22.526475
Outerwear 143,3346560.0,4.9,3,L,Women,2026-05-17 11:29:22.526591
Jacket 144,5758240.0,4.3,3,XL,Unisex,2026-05-17 11:29:22.526705
Crewneck 145,3472800.0,4.8,3,XXL,Men,2026-05-17 11:29:22.526818
T-shirt 146,7688640.0,4.3,3,S,Women,2026-05-17 11:29:22.526936
Hoodie 147,3052800.0,5.0,3,M,Unisex,2026-05-17 11:29:22.527048
Pants 148,6033440.0,4.7,3,L,Men,2026-05-17 11:29:22.527166
Outerwear 149,3105920.0,3.2,3,XL,Women,2026-05-17 11:29:22.527278
Jacket 150,1500640.0,3.6,3,XXL,Unisex,2026-05-17 11:29:22.527391
T-shirt 152,6288640.0,4.2,3,M,Women,2026-05-17 11:29:22.527625
Hoodie 153,2660640.0,4.3,3,L,Unisex,2026-05-17 11:29:22.527737
Pants 154,2337440.0,3.0,3,XL,Men,2026-05-17 11:29:22.527870
Outerwear 155,3783200.0,4.1,3,XXL,Women,2026-05-17 11:29:22.528129
Jacket 156,6645120.0,3.6,3,S,Unisex,2026-05-17 11:29:22.528363
Crewneck 157,1105760.0,4.0,3,M,Men,2026-05-17 11:29:22.528604
T-shirt 158,7321120.0,4.0,3,L,Women,2026-05-17 11:29:22.528787
Hoodie 159,2371680.0,4.9,3,XL,Unisex,2026-05-17 11:29:22.528912
Pants 160,2802880.0,3.4,3,XXL,Men,2026-05-17 11:29:22.529027
Jacket 162,1543840.0,4.5,3,M,Unisex,2026-05-17 11:29:22.575564
Crewneck 163,7861920.0,4.4,3,L,Men,2026-05-17 11:29:22.575680
T-shirt 164,3512000.0,3.9,3,XL,Women,2026-05-17 11:29:22.575934
Hoodie 165,6921280.0,4.9,3,XXL,Unisex,2026-05-17 11:29:22.576362
Outerwear 167,3273760.0,3.1,3,M,Women,2026-05-17 11:29:22.576836
Jacket 168,870400.0,4.4,3,L,Unisex,2026-05-17 11:29:22.577038
Crewneck 169,8032800.0,4.7,3,XL,Men,2026-05-17 11:29:22.577243
T-shirt 170,6677920.0,4.5,3,XXL,Women,2026-05-17 11:29:22.577439
Pants 172,1566080.0,4.9,3,M,Men,2026-05-17 11:29:22.577694
Outerwear 173,7034560.0,4.6,3,L,Women,2026-05-17 11:29:22.577807
Jacket 174,6282240.0,3.3,3,XL,Unisex,2026-05-17 11:29:22.577919
Crewneck 175,8125120.0,4.5,3,XXL,Men,2026-05-17 11:29:22.578033
T-shirt 176,6104320.0,3.6,3,S,Women,2026-05-17 11:29:22.578145
Hoodie 177,1890400.0,4.6,3,M,Unisex,2026-05-17 11:29:22.578259
Pants 178,6184160.0,3.0,3,L,Men,2026-05-17 11:29:22.578373
Outerwear 179,5816640.0,3.5,3,XL,Women,2026-05-17 11:29:22.578487
Jacket 180,5552640.0,3.9,3,XXL,Unisex,2026-05-17 11:29:22.578603
T-shirt 182,2334880.0,3.8,3,M,Women,2026-05-17 11:29:22.626939
Hoodie 183,3904640.0,3.6,3,L,Unisex,2026-05-17 11:29:22.627071
Pants 184,7759520.0,4.5,3,XL,Men,2026-05-17 11:29:22.627189
Outerwear 185,7822880.0,3.2,3,XXL,Women,2026-05-17 11:29:22.627311
Jacket 186,6940480.0,4.2,3,S,Unisex,2026-05-17 11:29:22.627429
Crewneck 187,6663520.0,3.8,3,M,Men,2026-05-17 11:29:22.627546
T-shirt 188,3927840.0,4.4,3,L,Women,2026-05-17 11:29:22.627667
Hoodie 189,1946720.0,4.0,3,XL,Unisex,2026-05-17 11:29:22.627783
Pants 190,2220960.0,4.5,3,XXL,Men,2026-05-17 11:29:22.627900
Jacket 192,5066240.0,3.8,3,M,Unisex,2026-05-17 11:29:22.628135
Crewneck 193,7355680.0,4.1,3,L,Men,2026-05-17 11:29:22.628253
T-shirt 194,2818720.0,4.9,3,XL,Women,2026-05-17 11:29:22.628371
Hoodie 195,7208960.0,4.9,3,XXL,Unisex,2026-05-17 11:29:22.628489
Outerwear 197,5681600.0,4.9,3,M,Women,2026-05-17 11:29:22.628719
Jacket 198,5435040.0,4.5,3,L,Unisex,2026-05-17 11:29:22.628835
Crewneck 199,6744320.0,3.1,3,XL,Men,2026-05-17 11:29:22.628949
T-shirt 200,6289920.0,3.5,3,XXL,Women,2026-05-17 11:29:22.629065
Pants 202,5592480.0,3.3,3,M,Men,2026-05-17 11:29:22.673600
Outerwear 203,2144000.0,3.4,3,L,Women,2026-05-17 11:29:22.673720
Jacket 204,6031040.0,3.9,3,XL,Unisex,2026-05-17 11:29:22.673838
Crewneck 205,6434880.0,3.2,3,XXL,Men,2026-05-17 11:29:22.673956
T-shirt 206,4674720.0,4.5,3,S,Women,2026-05-17 11:29:22.674077
Hoodie 207,6101440.0,3.5,3,M,Unisex,2026-05-17 11:29:22.674193
Pants 208,4637600.0,3.1,3,L,Men,2026-05-17 11:29:22.674326
Outerwear 209,7980640.0,4.3,3,XL,Women,2026-05-17 11:29:22.674443
Jacket 210,7827360.0,4.7,3,XXL,Unisex,2026-05-17 11:29:22.674559
T-shirt 212,8794880.0,4.7,3,M,Women,2026-05-17 11:29:22.674792
Hoodie 213,5748000.0,3.6,3,L,Unisex,2026-05-17 11:29:22.674907
Pants 214,4315680.0,4.9,3,XL,Men,2026-05-17 11:29:22.675024
Outerwear 215,1449600.0,3.8,3,XXL,Women,2026-05-17 11:29:22.675140
Jacket 216,4576480.0,4.6,3,S,Unisex,2026-05-17 11:29:22.675262
Crewneck 217,5772960.0,4.8,3,M,Men,2026-05-17 11:29:22.675383
T-shirt 218,5600320.0,3.1,3,L,Women,2026-05-17 11:29:22.675501
Hoodie 219,5671040.0,4.6,3,XL,Unisex,2026-05-17 11:29:22.675617
Pants 220,3357600.0,3.2,3,XXL,Men,2026-05-17 11:29:22.675735
Jacket 222,7438080.0,3.4,3,M,Unisex,2026-05-17 11:29:22.721238
Crewneck 223,952960.0,4.8,3,L,Men,2026-05-17 11:29:22.721360
T-shirt 224,3534560.0,4.5,3,XL,Women,2026-05-17 11:29:22.721478
Hoodie 225,5232800.0,3.5,3,XXL,Unisex,2026-05-17 11:29:22.721596
Outerwear 227,6742560.0,4.8,3,M,Women,2026-05-17 11:29:22.721826
Jacket 228,8076800.0,4.5,3,L,Unisex,2026-05-17 11:29:22.721942
Crewneck 229,3101920.0,4.9,3,XL,Men,2026-05-17 11:29:22.722070
T-shirt 230,7133280.0,4.5,3,XXL,Women,2026-05-17 11:29:22.722186
Pants 232,8327360.000000001,4.0,3,M,Men,2026-05-17 11:29:22.722423
Outerwear 233,847360.0,4.8,3,L,Women,2026-05-17 11:29:22.722539
Jacket 234,1159200.0,4.5,3,XL,Unisex,2026-05-17 11:29:22.722654
Crewneck 235,6560320.0,3.4,3,XXL,Men,2026-05-17 11:29:22.722767
T-shirt 236,5492320.0,3.9,3,S,Women,2026-05-17 11:29:22.722882
Hoodie 237,4743520.0,3.1,3,M,Unisex,2026-05-17 11:29:22.722999
Pants 238,8301920.0,3.8,3,L,Men,2026-05-17 11:29:22.723112
Outerwear 239,7934080.0,3.1,3,XL,Women,2026-05-17 11:29:22.723228
Jacket 240,7600000.0,3.8,3,XXL,Unisex,2026-05-17 11:29:22.723349
T-shirt 242,4833600.0,3.4,3,M,Women,2026-05-17 11:29:22.780201
Hoodie 243,3371680.0,3.1,3,L,Unisex,2026-05-17 11:29:22.780316
Pants 244,8116160.0,3.1,3,XL,Men,2026-05-17 11:29:22.780429
Outerwear 245,1451680.0,4.0,3,XXL,Women,2026-05-17 11:29:22.780543
Jacket 246,8735040.0,3.1,3,S,Unisex,2026-05-17 11:29:22.780672
Crewneck 247,8769120.0,3.0,3,M,Men,2026-05-17 11:29:22.780785
T-shirt 248,2280000.0,4.5,3,L,Women,2026-05-17 11:29:22.780912
Hoodie 249,2149440.0,4.2,3,XL,Unisex,2026-05-17 11:29:22.781062
Pants 250,4314240.0,3.1,3,XXL,Men,2026-05-17 11:29:22.781199
Jacket 252,8408480.0,3.2,3,M,Unisex,2026-05-17 11:29:22.781430
Crewneck 253,1854720.0,3.9,3,L,Men,2026-05-17 11:29:22.781541
T-shirt 254,5984160.0,3.9,3,XL,Women,2026-05-17 11:29:22.781655
Hoodie 255,3668000.0,4.1,3,XXL,Unisex,2026-05-17 11:29:22.781768
Outerwear 257,7073120.0,5.0,3,M,Women,2026-05-17 11:29:22.782000
Jacket 258,2080639.9999999998,4.7,3,L,Unisex,2026-05-17 11:29:22.782118
Crewneck 259,2275520.0,3.3,3,XL,Men,2026-05-17 11:29:22.782230
T-shirt 260,6271520.0,3.5,3,XXL,Women,2026-05-17 11:29:22.782342
Pants 262,1097760.0,3.4,3,M,Men,2026-05-17 11:29:22.828490
Outerwear 263,1878400.0,4.2,3,L,Women,2026-05-17 11:29:22.828610
Jacket 264,2063040.0,4.8,3,XL,Unisex,2026-05-17 11:29:22.828728
Crewneck 265,2483040.0,3.5,3,XXL,Men,2026-05-17 11:29:22.828849
T-shirt 266,4842080.0,4.6,3,S,Women,2026-05-17 11:29:22.828962
Hoodie 267,4086240.0,4.3,3,M,Unisex,2026-05-17 11:29:22.829079
Pants 268,5005120.0,3.6,3,L,Men,2026-05-17 11:29:22.829193
Outerwear 269,8073920.0,3.1,3,XL,Women,2026-05-17 11:29:22.829309
Jacket 270,2569120.0,4.2,3,XXL,Unisex,2026-05-17 11:29:22.829421
T-shirt 272,5811840.0,3.3,3,M,Women,2026-05-17 11:29:22.829651
Hoodie 273,5291360.0,4.9,3,L,Unisex,2026-05-17 11:29:22.829762
Pants 274,3669280.0,4.2,3,XL,Men,2026-05-17 11:29:22.829872
Outerwear 275,5575360.0,4.8,3,XXL,Women,2026-05-17 11:29:22.829984
Jacket 276,1013600.0,4.3,3,S,Unisex,2026-05-17 11:29:22.830094
Crewneck 277,2383680.0,4.7,3,M,Men,2026-05-17 11:29:22.830205
T-shirt 278,2087360.0000000002,3.8,3,L,Women,2026-05-17 11:29:22.830316
Hoodie 279,5592320.0,4.7,3,XL,Unisex,2026-05-17 11:29:22.830428
Pants 280,7501440.0,3.9,3,XXL,Men,2026-05-17 11:29:22.830539
Jacket 282,2227040.0,3.0,3,M,Unisex,2026-05-17 11:29:22.876657
Crewneck 283,6633120.0,3.2,3,L,Men,2026-05-17 11:29:22.876787
T-shirt 284,6568000.0,3.6,3,XL,Women,2026-05-17 11:29:22.876904
Hoodie 285,3009120.0,3.2,3,XXL,Unisex,2026-05-17 11:29:22.877020
Outerwear 287,5273600.0,3.7,3,M,Women,2026-05-17 11:29:22.877250
Jacket 288,3123040.0,4.1,3,L,Unisex,2026-05-17 11:29:22.877365
Crewneck 289,888000.0,4.0,3,XL,Men,2026-05-17 11:29:22.877481
T-shirt 290,6425120.0,4.2,3,XXL,Women,2026-05-17 11:29:22.877592
Pants 292,2384480.0,3.9,3,M,Men,2026-05-17 11:29:22.877813
Outerwear 293,1176160.0,4.5,3,L,Women,2026-05-17 11:29:22.877922
Jacket 294,5947200.0,3.8,3,XL,Unisex,2026-05-17 11:29:22.878033
Crewneck 295,7266720.0,4.9,3,XXL,Men,2026-05-17 11:29:22.878144
T-shirt 296,1172160.0,3.1,3,S,Women,2026-05-17 11:29:22.878255
Hoodie 297,7801120.0,3.6,3,M,Unisex,2026-05-17 11:29:22.878365
Pants 298,2426080.0,4.8,3,L,Men,2026-05-17 11:29:22.878476
Outerwear 299,1947840.0,4.3,3,XL,Women,2026-05-17 11:29:22.878591
Jacket 300,6408480.0,4.0,3,XXL,Unisex,2026-05-17 11:29:22.878802
T-shirt 302,5711200.0,3.2,3,M,Women,2026-05-17 11:29:22.925634
Hoodie 303,7974560.0,4.1,3,L,Unisex,2026-05-17 11:29:22.925753
Pants 304,7129760.0,3.4,3,XL,Men,2026-05-17 11:29:22.925866
Outerwear 305,6325440.0,4.5,3,XXL,Women,2026-05-17 11:29:22.925980
Jacket 306,7575040.0,4.2,3,S,Unisex,2026-05-17 11:29:22.926091
Crewneck 307,7735200.0,3.7,3,M,Men,2026-05-17 11:29:22.926203
T-shirt 308,4086080.0,4.1,3,L,Women,2026-05-17 11:29:22.926362
Hoodie 309,3953120.0,4.8,3,XL,Unisex,2026-05-17 11:29:22.926578
Pants 310,6329280.0,4.7,3,XXL,Men,2026-05-17 11:29:22.926823
Jacket 312,7267040.0,3.8,3,M,Unisex,2026-05-17 11:29:22.927134
Crewneck 313,1948320.0,3.1,3,L,Men,2026-05-17 11:29:22.927333
T-shirt 314,6017120.0,3.2,3,XL,Women,2026-05-17 11:29:22.927581
Hoodie 315,7022880.0,3.1,3,XXL,Unisex,2026-05-17 11:29:22.927724
Outerwear 317,5259040.0,3.3,3,M,Women,2026-05-17 11:29:22.928005
Jacket 318,5667200.0,3.7,3,L,Unisex,2026-05-17 11:29:22.928142
Crewneck 319,3085920.0,3.3,3,XL,Men,2026-05-17 11:29:22.928275
T-shirt 320,829440.0,3.3,3,XXL,Women,2026-05-17 11:29:22.928401
Pants 322,7810400.0,3.2,3,M,Men,2026-05-17 11:29:23.000504
Outerwear 323,8468000.0,3.1,3,L,Women,2026-05-17 11:29:23.000621
Jacket 324,6082720.0,3.3,3,XL,Unisex,2026-05-17 11:29:23.000749
Crewneck 325,3001760.0,3.4,3,XXL,Men,2026-05-17 11:29:23.000868
T-shirt 326,4519360.0,4.9,3,S,Women,2026-05-17 11:29:23.000984
Hoodie 327,6641440.0,4.4,3,M,Unisex,2026-05-17 11:29:23.001113
Pants 328,5732960.0,4.5,3,L,Men,2026-05-17 11:29:23.001295
Outerwear 329,6724160.0,4.7,3,XL,Women,2026-05-17 11:29:23.001469
Jacket 330,1591200.0,4.3,3,XXL,Unisex,2026-05-17 11:29:23.001649
T-shirt 332,2335680.0,3.4,3,M,Women,2026-05-17 11:29:23.002043
Hoodie 333,1746080.0,4.8,3,L,Unisex,2026-05-17 11:29:23.002226
Pants 334,2409440.0,3.8,3,XL,Men,2026-05-17 11:29:23.002489
Outerwear 335,2826720.0,3.0,3,XXL,Women,2026-05-17 11:29:23.002647
Jacket 336,6237760.0,5.0,3,S,Unisex,2026-05-17 11:29:23.002776
Crewneck 337,8608800.0,4.3,3,M,Men,2026-05-17 11:29:23.002905
T-shirt 338,2883360.0,3.9,3,L,Women,2026-05-17 11:29:23.003029
Hoodie 339,4424800.0,4.9,3,XL,Unisex,2026-05-17 11:29:23.003172
Pants 340,5975200.0,4.3,3,XXL,Men,2026-05-17 11:29:23.003314
Jacket 342,1827680.0,4.8,3,M,Unisex,2026-05-17 11:29:23.050966
Crewneck 343,2279040.0,4.1,3,L,Men,2026-05-17 11:29:23.051087
T-shirt 344,3415680.0,4.5,3,XL,Women,2026-05-17 11:29:23.051201
Hoodie 345,7577440.0,3.3,3,XXL,Unisex,2026-05-17 11:29:23.051321
Outerwear 347,6986080.0,4.7,3,M,Women,2026-05-17 11:29:23.051554
Jacket 348,3195040.0,4.6,3,L,Unisex,2026-05-17 11:29:23.051666
Crewneck 349,6085600.0,3.5,3,XL,Men,2026-05-17 11:29:23.051778
T-shirt 350,8047680.0,5.0,3,XXL,Women,2026-05-17 11:29:23.051901
Pants 352,2838880.0,4.0,3,M,Men,2026-05-17 11:29:23.052129
Outerwear 353,961600.0,3.6,3,L,Women,2026-05-17 11:29:23.052242
Jacket 354,2294720.0,3.8,3,XL,Unisex,2026-05-17 11:29:23.052357
Crewneck 355,4246560.0,3.2,3,XXL,Men,2026-05-17 11:29:23.052471
T-shirt 356,7150080.0,4.3,3,S,Women,2026-05-17 11:29:23.052586
Hoodie 357,3739360.0,3.6,3,M,Unisex,2026-05-17 11:29:23.052701
Pants 358,8479520.0,3.9,3,L,Men,2026-05-17 11:29:23.052820
Outerwear 359,1696480.0,4.3,3,XL,Women,2026-05-17 11:29:23.052937
Jacket 360,8788320.0,4.8,3,XXL,Unisex,2026-05-17 11:29:23.053054
T-shirt 362,4776800.0,5.0,3,M,Women,2026-05-17 11:29:23.097013
Hoodie 363,1171360.0,3.2,3,L,Unisex,2026-05-17 11:29:23.097129
Pants 364,4972800.0,4.8,3,XL,Men,2026-05-17 11:29:23.097242
Outerwear 365,6956480.0,4.5,3,XXL,Women,2026-05-17 11:29:23.097358
Jacket 366,5854880.0,4.9,3,S,Unisex,2026-05-17 11:29:23.097531
Crewneck 367,8359360.000000001,4.9,3,M,Men,2026-05-17 11:29:23.097757
T-shirt 368,965120.0,3.2,3,L,Women,2026-05-17 11:29:23.097976
Hoodie 369,7204960.0,4.7,3,XL,Unisex,2026-05-17 11:29:23.098212
Pants 370,4559680.0,3.6,3,XXL,Men,2026-05-17 11:29:23.098435
Jacket 372,5052960.0,3.6,3,M,Unisex,2026-05-17 11:29:23.098696
Crewneck 373,2231040.0,3.6,3,L,Men,2026-05-17 11:29:23.098812
T-shirt 374,7697120.0,3.9,3,XL,Women,2026-05-17 11:29:23.098926
Hoodie 375,7027520.0,3.9,3,XXL,Unisex,2026-05-17 11:29:23.099052
Outerwear 377,6802080.0,4.8,3,M,Women,2026-05-17 11:29:23.099284
Jacket 378,3402400.0,3.6,3,L,Unisex,2026-05-17 11:29:23.099400
Crewneck 379,3963200.0,4.4,3,XL,Men,2026-05-17 11:29:23.099516
T-shirt 380,2547040.0,3.8,3,XXL,Women,2026-05-17 11:29:23.099631
Pants 382,1356160.0,4.4,3,M,Men,2026-05-17 11:29:23.144901
Outerwear 383,3431040.0,3.4,3,L,Women,2026-05-17 11:29:23.145017
Jacket 384,1452960.0,3.3,3,XL,Unisex,2026-05-17 11:29:23.145130
Crewneck 385,7950720.0,4.9,3,XXL,Men,2026-05-17 11:29:23.145244
T-shirt 386,4793600.0,4.6,3,S,Women,2026-05-17 11:29:23.145358
Hoodie 387,8418080.0,4.2,3,M,Unisex,2026-05-17 11:29:23.145471
Pants 388,931200.0,3.1,3,L,Men,2026-05-17 11:29:23.145582
Outerwear 389,2883200.0,5.0,3,XL,Women,2026-05-17 11:29:23.145695
Jacket 390,5432960.0,3.3,3,XXL,Unisex,2026-05-17 11:29:23.145867
T-shirt 392,1226080.0,4.4,3,M,Women,2026-05-17 11:29:23.146282
Hoodie 393,4068480.0,3.2,3,L,Unisex,2026-05-17 11:29:23.146528
Pants 394,3540000.0,3.3,3,XL,Men,2026-05-17 11:29:23.146725
Outerwear 395,3098720.0,4.0,3,XXL,Women,2026-05-17 11:29:23.146861
Jacket 396,2505280.0,3.9,3,S,Unisex,2026-05-17 11:29:23.146977
Crewneck 397,855360.0,3.6,3,M,Men,2026-05-17 11:29:23.147094
T-shirt 398,4592800.0,4.7,3,L,Women,2026-05-17 11:29:23.147209
Hoodie 399,2523520.0,3.6,3,XL,Unisex,2026-05-17 11:29:23.147325
Pants 400,6020640.0,4.7,3,XXL,Men,2026-05-17 11:29:23.147441
Jacket 402,2029120.0,4.6,3,M,Unisex,2026-05-17 11:29:23.192118
Crewneck 403,1580320.0,4.1,3,L,Men,2026-05-17 11:29:23.192234
T-shirt 404,3501120.0,4.9,3,XL,Women,2026-05-17 11:29:23.192347
Hoodie 405,5080160.0,3.8,3,XXL,Unisex,2026-05-17 11:29:23.192460
Outerwear 407,2761280.0,3.7,3,M,Women,2026-05-17 11:29:23.192683
Jacket 408,4176000.0,4.9,3,L,Unisex,2026-05-17 11:29:23.192795
Crewneck 409,3221760.0,3.5,3,XL,Men,2026-05-17 11:29:23.192907
T-shirt 410,1586720.0,3.1,3,XXL,Women,2026-05-17 11:29:23.193019
Pants 412,5438240.0,4.4,3,M,Men,2026-05-17 11:29:23.193240
Outerwear 413,1306400.0,3.4,3,L,Women,2026-05-17 11:29:23.193351
Jacket 414,2234720.0,3.7,3,XL,Unisex,2026-05-17 11:29:23.193461
Crewneck 415,3617440.0,3.1,3,XXL,Men,2026-05-17 11:29:23.193571
T-shirt 416,4454080.0,3.1,3,S,Women,2026-05-17 11:29:23.193682
Hoodie 417,2769440.0,4.6,3,M,Unisex,2026-05-17 11:29:23.193812
Pants 418,6307840.0,5.0,3,L,Men,2026-05-17 11:29:23.194028
Outerwear 419,7004000.0,5.0,3,XL,Women,2026-05-17 11:29:23.194293
Jacket 420,2472640.0,3.1,3,XXL,Unisex,2026-05-17 11:29:23.194668
T-shirt 422,924320.0,3.9,3,M,Women,2026-05-17 11:29:23.239191
Hoodie 423,4601760.0,3.7,3,L,Unisex,2026-05-17 11:29:23.239305
Pants 424,3865760.0,4.4,3,XL,Men,2026-05-17 11:29:23.239417
Outerwear 425,2528480.0,4.8,3,XXL,Women,2026-05-17 11:29:23.239528
Jacket 426,3462400.0,3.4,3,S,Unisex,2026-05-17 11:29:23.239640
Crewneck 427,6375200.0,3.3,3,M,Men,2026-05-17 11:29:23.239751
T-shirt 428,7053120.0,4.9,3,L,Women,2026-05-17 11:29:23.239863
Hoodie 429,1658560.0,4.9,3,XL,Unisex,2026-05-17 11:29:23.239979
Pants 430,1442080.0,3.9,3,XXL,Men,2026-05-17 11:29:23.240090
Jacket 432,2151840.0,4.5,3,M,Unisex,2026-05-17 11:29:23.240311
Crewneck 433,3872480.0,4.2,3,L,Men,2026-05-17 11:29:23.240422
T-shirt 434,6557120.0,4.9,3,XL,Women,2026-05-17 11:29:23.240532
Hoodie 435,1015680.0,4.0,3,XXL,Unisex,2026-05-17 11:29:23.240643
Outerwear 437,1016800.0,3.9,3,M,Women,2026-05-17 11:29:23.240864
Jacket 438,2453120.0,4.5,3,L,Unisex,2026-05-17 11:29:23.240974
Crewneck 439,4005440.0,3.2,3,XL,Men,2026-05-17 11:29:23.241084
T-shirt 440,5326080.0,3.0,3,XXL,Women,2026-05-17 11:29:23.241194
Pants 442,4701600.0,4.3,3,M,Men,2026-05-17 11:29:23.285883
Outerwear 443,7262720.0,4.2,3,L,Women,2026-05-17 11:29:23.286004
Jacket 444,4016960.0,3.3,3,XL,Unisex,2026-05-17 11:29:23.286117
Crewneck 445,3574240.0,4.5,3,XXL,Men,2026-05-17 11:29:23.286229
T-shirt 446,7740160.0,3.2,3,S,Women,2026-05-17 11:29:23.286341
Hoodie 447,4748640.0,4.0,3,M,Unisex,2026-05-17 11:29:23.286453
Pants 448,820160.0,4.4,3,L,Men,2026-05-17 11:29:23.286569
Outerwear 449,6410080.0,4.0,3,XL,Women,2026-05-17 11:29:23.286680
Jacket 450,8754880.0,3.1,3,XXL,Unisex,2026-05-17 11:29:23.286791
T-shirt 452,6892800.0,4.4,3,M,Women,2026-05-17 11:29:23.287013
Hoodie 453,6576960.0,4.2,3,L,Unisex,2026-05-17 11:29:23.287123
Pants 454,2179520.0,5.0,3,XL,Men,2026-05-17 11:29:23.287234
Outerwear 455,1094080.0,4.8,3,XXL,Women,2026-05-17 11:29:23.287345
Jacket 456,8096000.0,4.1,3,S,Unisex,2026-05-17 11:29:23.287457
Crewneck 457,7342880.0,4.8,3,M,Men,2026-05-17 11:29:23.287566
T-shirt 458,4240000.0,4.4,3,L,Women,2026-05-17 11:29:23.287676
Hoodie 459,3237280.0,3.5,3,XL,Unisex,2026-05-17 11:29:23.287787
Pants 460,1880800.0,3.6,3,XXL,Men,2026-05-17 11:29:23.287899
Jacket 462,6767840.0,4.5,3,M,Unisex,2026-05-17 11:29:23.332766
Crewneck 463,7539520.0,4.5,3,L,Men,2026-05-17 11:29:23.332884
T-shirt 464,6070080.0,4.5,3,XL,Women,2026-05-17 11:29:23.332998
Hoodie 465,6164320.0,4.7,3,XXL,Unisex,2026-05-17 11:29:23.333110
Outerwear 467,1325920.0,3.5,3,M,Women,2026-05-17 11:29:23.333335
Jacket 468,4584960.0,3.7,3,L,Unisex,2026-05-17 11:29:23.333446
Crewneck 469,1738880.0,4.2,3,XL,Men,2026-05-17 11:29:23.333558
T-shirt 470,7738880.0,3.1,3,XXL,Women,2026-05-17 11:29:23.333671
Pants 472,3902080.0,3.1,3,M,Men,2026-05-17 11:29:23.333896
Outerwear 473,5478080.0,4.2,3,L,Women,2026-05-17 11:29:23.334008
Jacket 474,5864960.0,4.7,3,XL,Unisex,2026-05-17 11:29:23.334120
Crewneck 475,7017280.0,4.6,3,XXL,Men,2026-05-17 11:29:23.334232
T-shirt 476,3986240.0,4.3,3,S,Women,2026-05-17 11:29:23.334350
Hoodie 477,6626080.0,4.2,3,M,Unisex,2026-05-17 11:29:23.334461
Pants 478,4912000.0,3.8,3,L,Men,2026-05-17 11:29:23.334576
Outerwear 479,7302400.0,4.4,3,XL,Women,2026-05-17 11:29:23.334689
Jacket 480,4986240.0,4.2,3,XXL,Unisex,2026-05-17 11:29:23.334802
T-shirt 482,3352480.0,4.8,3,M,Women,2026-05-17 11:29:23.379364
Hoodie 483,4035040.0,4.2,3,L,Unisex,2026-05-17 11:29:23.379495
Pants 484,6428640.0,4.1,3,XL,Men,2026-05-17 11:29:23.379614
Outerwear 485,4044480.0,4.7,3,XXL,Women,2026-05-17 11:29:23.379734
Jacket 486,2573760.0,3.0,3,S,Unisex,2026-05-17 11:29:23.379857
Crewneck 487,6955520.0,3.7,3,M,Men,2026-05-17 11:29:23.379981
T-shirt 488,8789760.0,3.8,3,L,Women,2026-05-17 11:29:23.380127
Hoodie 489,3554560.0,5.0,3,XL,Unisex,2026-05-17 11:29:23.380282
Pants 490,7081600.0,3.1,3,XXL,Men,2026-05-17 11:29:23.380410
Jacket 492,6011840.0,3.0,3,M,Unisex,2026-05-17 11:29:23.380657
Crewneck 493,5071520.0,4.8,3,L,Men,2026-05-17 11:29:23.380782
T-shirt 494,1390080.0,3.4,3,XL,Women,2026-05-17 11:29:23.380905
Hoodie 495,1663200.0,4.5,3,XXL,Unisex,2026-05-17 11:29:23.381034
Outerwear 497,3957760.0,4.4,3,M,Women,2026-05-17 11:29:23.381288
Jacket 498,4412800.0,4.6,3,L,Unisex,2026-05-17 11:29:23.381411
Crewneck 499,7825920.0,4.1,3,XL,Men,2026-05-17 11:29:23.381546
T-shirt 500,8114400.0,4.2,3,XXL,Women,2026-05-17 11:29:23.381693
Pants 502,7132480.0,4.4,3,M,Men,2026-05-17 11:29:23.427709
Outerwear 503,4924480.0,4.8,3,L,Women,2026-05-17 11:29:23.427831
Jacket 504,8024480.0,5.0,3,XL,Unisex,2026-05-17 11:29:23.427950
Crewneck 505,8747680.0,4.3,3,XXL,Men,2026-05-17 11:29:23.428067
T-shirt 506,8572000.0,3.6,3,S,Women,2026-05-17 11:29:23.428184
Hoodie 507,6844000.0,4.7,3,M,Unisex,2026-05-17 11:29:23.428301
Pants 508,7766080.0,3.5,3,L,Men,2026-05-17 11:29:23.428416
Outerwear 509,7178400.0,3.1,3,XL,Women,2026-05-17 11:29:23.428528
Jacket 510,1562080.0,3.4,3,XXL,Unisex,2026-05-17 11:29:23.428639
T-shirt 512,4319680.0,3.7,3,M,Women,2026-05-17 11:29:23.428873
Hoodie 513,1693760.0,4.4,3,L,Unisex,2026-05-17 11:29:23.428983
Pants 514,6888960.0,3.9,3,XL,Men,2026-05-17 11:29:23.429094
Outerwear 515,7262560.0,3.1,3,XXL,Women,2026-05-17 11:29:23.429204
Jacket 516,7130720.0,3.4,3,S,Unisex,2026-05-17 11:29:23.429315
Crewneck 517,1069280.0,3.5,3,M,Men,2026-05-17 11:29:23.429425
T-shirt 518,2575680.0,4.1,3,L,Women,2026-05-17 11:29:23.429537
Hoodie 519,2236160.0,4.5,3,XL,Unisex,2026-05-17 11:29:23.429647
Pants 520,2308320.0,3.8,3,XXL,Men,2026-05-17 11:29:23.429758
Jacket 522,6292960.0,4.0,3,M,Unisex,2026-05-17 11:29:23.492727
Crewneck 523,3626720.0,4.6,3,L,Men,2026-05-17 11:29:23.492845
T-shirt 524,936000.0,3.8,3,XL,Women,2026-05-17 11:29:23.492964
Hoodie 525,7919040.0,3.6,3,XXL,Unisex,2026-05-17 11:29:23.493082
Outerwear 527,4669280.0,3.6,3,M,Women,2026-05-17 11:29:23.493311
Jacket 528,5595840.0,4.0,3,L,Unisex,2026-05-17 11:29:23.493427
Crewneck 529,1420160.0,3.2,3,XL,Men,2026-05-17 11:29:23.493545
T-shirt 530,6173760.0,3.3,3,XXL,Women,2026-05-17 11:29:23.493660
Pants 532,8391200.0,4.1,3,M,Men,2026-05-17 11:29:23.493899
Outerwear 533,3370240.0,4.2,3,L,Women,2026-05-17 11:29:23.494014
Jacket 534,3479200.0,3.7,3,XL,Unisex,2026-05-17 11:29:23.494129
Crewneck 535,3901280.0,3.7,3,XXL,Men,2026-05-17 11:29:23.494245
T-shirt 536,5092480.0,3.0,3,S,Women,2026-05-17 11:29:23.494361
Hoodie 537,8671840.0,3.1,3,M,Unisex,2026-05-17 11:29:23.494478
Pants 538,6134240.0,3.4,3,L,Men,2026-05-17 11:29:23.494594
Outerwear 539,4692640.0,4.7,3,XL,Women,2026-05-17 11:29:23.494709
Jacket 540,7051840.0,4.4,3,XXL,Unisex,2026-05-17 11:29:23.494822
T-shirt 542,4761440.0,3.5,3,M,Women,2026-05-17 11:29:23.539031
Hoodie 543,8715680.0,4.7,3,L,Unisex,2026-05-17 11:29:23.539148
Pants 544,5957760.0,3.1,3,XL,Men,2026-05-17 11:29:23.539264
Outerwear 545,3579360.0,4.0,3,XXL,Women,2026-05-17 11:29:23.539380
Jacket 546,6271520.0,3.3,3,S,Unisex,2026-05-17 11:29:23.539499
Crewneck 547,5361120.0,3.9,3,M,Men,2026-05-17 11:29:23.539615
T-shirt 548,2686240.0,4.6,3,L,Women,2026-05-17 11:29:23.539731
Hoodie 549,2687200.0,3.7,3,XL,Unisex,2026-05-17 11:29:23.539856
Pants 550,4450080.0,4.9,3,XXL,Men,2026-05-17 11:29:23.539974
Jacket 552,5380320.0,4.1,3,M,Unisex,2026-05-17 11:29:23.540204
Crewneck 553,7760800.0,3.8,3,L,Men,2026-05-17 11:29:23.540318
T-shirt 554,4001120.0,4.5,3,XL,Women,2026-05-17 11:29:23.540434
Hoodie 555,1809600.0,3.0,3,XXL,Unisex,2026-05-17 11:29:23.540549
Outerwear 557,5460480.0,3.4,3,M,Women,2026-05-17 11:29:23.540770
Jacket 558,5007040.0,4.0,3,L,Unisex,2026-05-17 11:29:23.540879
Crewneck 559,1590880.0,3.5,3,XL,Men,2026-05-17 11:29:23.540988
T-shirt 560,6885280.0,4.2,3,XXL,Women,2026-05-17 11:29:23.541097
Pants 562,3724160.0,4.5,3,M,Men,2026-05-17 11:29:23.586522
Outerwear 563,8197440.000000001,4.7,3,L,Women,2026-05-17 11:29:23.586640
Jacket 564,8319200.000000001,4.3,3,XL,Unisex,2026-05-17 11:29:23.586758
Crewneck 565,7635200.0,3.5,3,XXL,Men,2026-05-17 11:29:23.586875
T-shirt 566,2611360.0,4.6,3,S,Women,2026-05-17 11:29:23.586992
Hoodie 567,4576160.0,3.2,3,M,Unisex,2026-05-17 11:29:23.587107
Pants 568,2984160.0,3.3,3,L,Men,2026-05-17 11:29:23.587222
Outerwear 569,4966880.0,4.7,3,XL,Women,2026-05-17 11:29:23.587344
Jacket 570,4000960.0,3.9,3,XXL,Unisex,2026-05-17 11:29:23.587460
T-shirt 572,4756320.0,3.2,3,M,Women,2026-05-17 11:29:23.587688
Hoodie 573,6954080.0,4.5,3,L,Unisex,2026-05-17 11:29:23.587804
Pants 574,2424000.0,3.8,3,XL,Men,2026-05-17 11:29:23.587918
Outerwear 575,3517760.0,3.4,3,XXL,Women,2026-05-17 11:29:23.588031
Jacket 576,805600.0,3.5,3,S,Unisex,2026-05-17 11:29:23.588144
Crewneck 577,7873920.0,3.3,3,M,Men,2026-05-17 11:29:23.588254
T-shirt 578,7958880.0,4.1,3,L,Women,2026-05-17 11:29:23.588364
Hoodie 579,4428640.0,4.4,3,XL,Unisex,2026-05-17 11:29:23.588474
Pants 580,2625440.0,3.3,3,XXL,Men,2026-05-17 11:29:23.588584
Jacket 582,4112160.0,4.1,3,M,Unisex,2026-05-17 11:29:23.664895
Crewneck 583,5737760.0,4.5,3,L,Men,2026-05-17 11:29:23.665030
T-shirt 584,6964960.0,4.8,3,XL,Women,2026-05-17 11:29:23.665155
Hoodie 585,6186880.0,4.9,3,XXL,Unisex,2026-05-17 11:29:23.665281
Outerwear 587,4424960.0,4.4,3,M,Women,2026-05-17 11:29:23.665541
Jacket 588,4963040.0,4.7,3,L,Unisex,2026-05-17 11:29:23.665663
Crewneck 589,931840.0,4.7,3,XL,Men,2026-05-17 11:29:23.665784
T-shirt 590,6457120.0,3.9,3,XXL,Women,2026-05-17 11:29:23.665915
Pants 592,6805440.0,4.3,3,M,Men,2026-05-17 11:29:23.666240
Outerwear 593,7163840.0,3.9,3,L,Women,2026-05-17 11:29:23.666393
Jacket 594,8707680.0,4.2,3,XL,Unisex,2026-05-17 11:29:23.666518
Crewneck 595,3723840.0,3.5,3,XXL,Men,2026-05-17 11:29:23.666646
T-shirt 596,8290400.0,4.4,3,S,Women,2026-05-17 11:29:23.666769
Hoodie 597,7969440.0,3.3,3,M,Unisex,2026-05-17 11:29:23.666894
Pants 598,4714080.0,4.1,3,L,Men,2026-05-17 11:29:23.667016
Outerwear 599,1179040.0,3.3,3,XL,Women,2026-05-17 11:29:23.667139
Jacket 600,6414080.0,3.0,3,XXL,Unisex,2026-05-17 11:29:23.667269
T-shirt 602,2260960.0,4.4,3,M,Women,2026-05-17 11:29:23.710557
Hoodie 603,7511520.0,3.1,3,L,Unisex,2026-05-17 11:29:23.710671
Pants 604,7662240.0,4.3,3,XL,Men,2026-05-17 11:29:23.710785
Outerwear 605,1710720.0,3.7,3,XXL,Women,2026-05-17 11:29:23.710898
Jacket 606,5770720.0,4.6,3,S,Unisex,2026-05-17 11:29:23.711009
Crewneck 607,3857600.0,3.1,3,M,Men,2026-05-17 11:29:23.711120
T-shirt 608,7047840.0,4.6,3,L,Women,2026-05-17 11:29:23.711232
Hoodie 609,2956320.0,4.1,3,XL,Unisex,2026-05-17 11:29:23.711344
Pants 610,4515360.0,3.3,3,XXL,Men,2026-05-17 11:29:23.711457
Jacket 612,3202720.0,3.1,3,M,Unisex,2026-05-17 11:29:23.711904
Crewneck 613,1013920.0,3.6,3,L,Men,2026-05-17 11:29:23.712032
T-shirt 614,2428160.0,3.1,3,XL,Women,2026-05-17 11:29:23.712297
Hoodie 615,4798720.0,4.8,3,XXL,Unisex,2026-05-17 11:29:23.712758
Outerwear 617,1765920.0,4.3,3,M,Women,2026-05-17 11:29:23.713393
Jacket 618,6474080.0,3.3,3,L,Unisex,2026-05-17 11:29:23.713568
Crewneck 619,8340639.999999999,4.4,3,XL,Men,2026-05-17 11:29:23.713682
T-shirt 620,2270240.0,3.3,3,XXL,Women,2026-05-17 11:29:23.713796
Pants 622,4849600.0,3.5,3,M,Men,2026-05-17 11:29:23.758529
Outerwear 623,7299520.0,4.6,3,L,Women,2026-05-17 11:29:23.758643
Jacket 624,6943200.0,3.9,3,XL,Unisex,2026-05-17 11:29:23.758754
Crewneck 625,7826400.0,4.1,3,XXL,Men,2026-05-17 11:29:23.758865
T-shirt 626,7777440.0,4.5,3,S,Women,2026-05-17 11:29:23.758976
Hoodie 627,1232320.0,3.2,3,M,Unisex,2026-05-17 11:29:23.759182
Pants 628,8113120.0,4.3,3,L,Men,2026-05-17 11:29:23.759354
Outerwear 629,3997920.0,4.4,3,XL,Women,2026-05-17 11:29:23.759526
Jacket 630,1003680.0,3.8,3,XXL,Unisex,2026-05-17 11:29:23.759691
T-shirt 632,4314240.0,3.6,3,M,Women,2026-05-17 11:29:23.760004
Hoodie 633,3128000.0,3.1,3,L,Unisex,2026-05-17 11:29:23.760178
Pants 634,8535680.0,3.9,3,XL,Men,2026-05-17 11:29:23.760343
Outerwear 635,6897120.0,4.1,3,XXL,Women,2026-05-17 11:29:23.760507
Jacket 636,3476320.0,4.5,3,S,Unisex,2026-05-17 11:29:23.760668
Crewneck 637,6030240.0,4.0,3,M,Men,2026-05-17 11:29:23.760831
T-shirt 638,5220960.0,4.6,3,L,Women,2026-05-17 11:29:23.760997
Hoodie 639,6782720.0,4.7,3,XL,Unisex,2026-05-17 11:29:23.761209
Pants 640,3038560.0,3.8,3,XXL,Men,2026-05-17 11:29:23.761378
Jacket 642,7747360.0,4.7,3,M,Unisex,2026-05-17 11:29:23.810636
Crewneck 643,6116000.0,3.2,3,L,Men,2026-05-17 11:29:23.810753
T-shirt 644,7479360.0,4.2,3,XL,Women,2026-05-17 11:29:23.810866
Hoodie 645,3285440.0,3.3,3,XXL,Unisex,2026-05-17 11:29:23.810979
Outerwear 647,4304960.0,3.8,3,M,Women,2026-05-17 11:29:23.811203
Jacket 648,8699520.0,4.5,3,L,Unisex,2026-05-17 11:29:23.811314
Crewneck 649,8588160.0,3.2,3,XL,Men,2026-05-17 11:29:23.811426
T-shirt 650,8012800.0,3.4,3,XXL,Women,2026-05-17 11:29:23.811538
Pants 652,6084960.0,3.3,3,M,Men,2026-05-17 11:29:23.811761
Outerwear 653,2622080.0,4.0,3,L,Women,2026-05-17 11:29:23.811873
Jacket 654,4089440.0,4.7,3,XL,Unisex,2026-05-17 11:29:23.811986
Crewneck 655,1834240.0,4.1,3,XXL,Men,2026-05-17 11:29:23.812098
T-shirt 656,2538720.0,4.2,3,S,Women,2026-05-17 11:29:23.812209
Hoodie 657,8459040.0,4.8,3,M,Unisex,2026-05-17 11:29:23.812325
Pants 658,6268320.0,3.8,3,L,Men,2026-05-17 11:29:23.812437
Outerwear 659,1817920.0,3.3,3,XL,Women,2026-05-17 11:29:23.812549
Jacket 660,8715200.0,3.5,3,XXL,Unisex,2026-05-17 11:29:23.812659
T-shirt 662,1422720.0,4.5,3,M,Women,2026-05-17 11:29:23.858147
Hoodie 663,7087200.0,4.0,3,L,Unisex,2026-05-17 11:29:23.858263
Pants 664,8248639.999999999,3.5,3,XL,Men,2026-05-17 11:29:23.858376
Outerwear 665,4033600.0,3.2,3,XXL,Women,2026-05-17 11:29:23.858490
Jacket 666,4844000.0,3.9,3,S,Unisex,2026-05-17 11:29:23.858603
Crewneck 667,1756640.0,3.7,3,M,Men,2026-05-17 11:29:23.858725
T-shirt 668,5044640.0,3.7,3,L,Women,2026-05-17 11:29:23.858839
Hoodie 669,2346080.0,3.3,3,XL,Unisex,2026-05-17 11:29:23.858952
Pants 670,8406720.0,4.8,3,XXL,Men,2026-05-17 11:29:23.859064
Jacket 672,4776160.0,4.5,3,M,Unisex,2026-05-17 11:29:23.859288
Crewneck 673,2803360.0,4.7,3,L,Men,2026-05-17 11:29:23.859400
T-shirt 674,3156640.0,3.1,3,XL,Women,2026-05-17 11:29:23.859514
Hoodie 675,4314880.0,3.2,3,XXL,Unisex,2026-05-17 11:29:23.859627
Outerwear 677,4657440.0,3.3,3,M,Women,2026-05-17 11:29:23.859849
Jacket 678,2777120.0,4.3,3,L,Unisex,2026-05-17 11:29:23.859963
Crewneck 679,6373120.0,3.2,3,XL,Men,2026-05-17 11:29:23.860075
T-shirt 680,8164800.0,3.2,3,XXL,Women,2026-05-17 11:29:23.860184
Pants 682,7616480.0,3.9,3,M,Men,2026-05-17 11:29:23.907612
Outerwear 683,3907360.0,3.6,3,L,Women,2026-05-17 11:29:23.907732
Jacket 684,7102560.0,3.5,3,XL,Unisex,2026-05-17 11:29:23.907850
Crewneck 685,1495840.0,4.6,3,XXL,Men,2026-05-17 11:29:23.907965
T-shirt 686,5381760.0,3.8,3,S,Women,2026-05-17 11:29:23.908083
Hoodie 687,4220800.0,4.7,3,M,Unisex,2026-05-17 11:29:23.908198
Pants 688,1487520.0,4.4,3,L,Men,2026-05-17 11:29:23.908313
Outerwear 689,1939040.0,4.6,3,XL,Women,2026-05-17 11:29:23.908429
Jacket 690,8782560.0,4.7,3,XXL,Unisex,2026-05-17 11:29:23.908544
T-shirt 692,1416480.0,4.1,3,M,Women,2026-05-17 11:29:23.908776
Hoodie 693,3031680.0,4.1,3,L,Unisex,2026-05-17 11:29:23.908892
Pants 694,2466720.0,3.4,3,XL,Men,2026-05-17 11:29:23.909007
Outerwear 695,959360.0,3.3,3,XXL,Women,2026-05-17 11:29:23.909122
Jacket 696,5146240.0,4.2,3,S,Unisex,2026-05-17 11:29:23.909237
Crewneck 697,6545120.0,5.0,3,M,Men,2026-05-17 11:29:23.909358
T-shirt 698,2444960.0,4.1,3,L,Women,2026-05-17 11:29:23.909468
Hoodie 699,5250240.0,4.5,3,XL,Unisex,2026-05-17 11:29:23.909578
Pants 700,3526560.0,4.3,3,XXL,Men,2026-05-17 11:29:23.909690
Jacket 702,4927680.0,4.3,3,M,Unisex,2026-05-17 11:29:23.956119
Crewneck 703,2949120.0,4.2,3,L,Men,2026-05-17 11:29:23.956275
T-shirt 704,6214240.0,4.1,3,XL,Women,2026-05-17 11:29:23.956395
Hoodie 705,3042880.0,3.1,3,XXL,Unisex,2026-05-17 11:29:23.956510
Outerwear 707,7746240.0,4.4,3,M,Women,2026-05-17 11:29:23.956744
Jacket 708,8541280.0,4.3,3,L,Unisex,2026-05-17 11:29:23.956859
Crewneck 709,7022400.0,3.9,3,XL,Men,2026-05-17 11:29:23.956975
T-shirt 710,3751520.0,3.2,3,XXL,Women,2026-05-17 11:29:23.957087
Pants 712,1510400.0,4.1,3,M,Men,2026-05-17 11:29:23.957314
Outerwear 713,3142880.0,4.4,3,L,Women,2026-05-17 11:29:23.957426
Jacket 714,892320.0,3.1,3,XL,Unisex,2026-05-17 11:29:23.957545
Crewneck 715,7021760.0,3.9,3,XXL,Men,2026-05-17 11:29:23.957659
T-shirt 716,3602560.0,4.9,3,S,Women,2026-05-17 11:29:23.957770
Hoodie 717,1532800.0,3.6,3,M,Unisex,2026-05-17 11:29:23.957883
Pants 718,4057120.0,3.2,3,L,Men,2026-05-17 11:29:23.957996
Outerwear 719,3172960.0,4.7,3,XL,Women,2026-05-17 11:29:23.958109
Jacket 720,2028320.0,3.8,3,XXL,Unisex,2026-05-17 11:29:23.958221
T-shirt 722,8724320.0,3.2,3,M,Women,2026-05-17 11:29:24.011332
Hoodie 723,5664800.0,3.4,3,L,Unisex,2026-05-17 11:29:24.011449
Pants 724,4824800.0,4.7,3,XL,Men,2026-05-17 11:29:24.011562
Outerwear 725,4979200.0,3.0,3,XXL,Women,2026-05-17 11:29:24.011675
Jacket 726,6345920.0,3.5,3,S,Unisex,2026-05-17 11:29:24.011790
Crewneck 727,4024000.0,4.8,3,M,Men,2026-05-17 11:29:24.011900
T-shirt 728,8173440.0,3.0,3,L,Women,2026-05-17 11:29:24.012012
Hoodie 729,6431360.0,3.6,3,XL,Unisex,2026-05-17 11:29:24.012123
Pants 730,7228800.0,4.5,3,XXL,Men,2026-05-17 11:29:24.012235
Jacket 732,6597600.0,3.9,3,M,Unisex,2026-05-17 11:29:24.012455
Crewneck 733,1162880.0,4.7,3,L,Men,2026-05-17 11:29:24.012566
T-shirt 734,6858560.0,4.2,3,XL,Women,2026-05-17 11:29:24.012677
Hoodie 735,4664320.0,4.0,3,XXL,Unisex,2026-05-17 11:29:24.012788
Outerwear 737,1015680.0,4.7,3,M,Women,2026-05-17 11:29:24.013008
Jacket 738,1893920.0,3.7,3,L,Unisex,2026-05-17 11:29:24.013125
Crewneck 739,8072960.0,3.3,3,XL,Men,2026-05-17 11:29:24.013238
T-shirt 740,7016640.0,3.4,3,XXL,Women,2026-05-17 11:29:24.013349
Pants 742,5626080.0,3.6,3,M,Men,2026-05-17 11:29:24.058056
Outerwear 743,5678080.0,3.0,3,L,Women,2026-05-17 11:29:24.058176
Jacket 744,5175680.0,4.1,3,XL,Unisex,2026-05-17 11:29:24.058291
Crewneck 745,2882560.0,3.8,3,XXL,Men,2026-05-17 11:29:24.058405
T-shirt 746,1517440.0,5.0,3,S,Women,2026-05-17 11:29:24.058521
Hoodie 747,6326880.0,4.7,3,M,Unisex,2026-05-17 11:29:24.058637
Pants 748,3134080.0,3.7,3,L,Men,2026-05-17 11:29:24.058753
Outerwear 749,2627360.0,3.2,3,XL,Women,2026-05-17 11:29:24.058868
Jacket 750,1030400.0000000001,3.7,3,XXL,Unisex,2026-05-17 11:29:24.058984
T-shirt 752,7431520.0,3.8,3,M,Women,2026-05-17 11:29:24.059218
Hoodie 753,8137600.0,4.8,3,L,Unisex,2026-05-17 11:29:24.059331
Pants 754,7229760.0,3.1,3,XL,Men,2026-05-17 11:29:24.059444
Outerwear 755,6910400.0,4.6,3,XXL,Women,2026-05-17 11:29:24.059557
Jacket 756,7128000.0,3.1,3,S,Unisex,2026-05-17 11:29:24.059669
Crewneck 757,7582720.0,4.4,3,M,Men,2026-05-17 11:29:24.059781
T-shirt 758,6025920.0,3.1,3,L,Women,2026-05-17 11:29:24.059892
Hoodie 759,2779840.0,4.7,3,XL,Unisex,2026-05-17 11:29:24.060004
Pants 760,2191040.0,4.1,3,XXL,Men,2026-05-17 11:29:24.060116
Jacket 762,4091840.0,4.9,3,M,Unisex,2026-05-17 11:29:24.113798
Crewneck 763,5792640.0,3.9,3,L,Men,2026-05-17 11:29:24.113923
T-shirt 764,7211680.0,3.4,3,XL,Women,2026-05-17 11:29:24.114042
Hoodie 765,1343360.0,4.9,3,XXL,Unisex,2026-05-17 11:29:24.114160
Outerwear 767,4152800.0,4.5,3,M,Women,2026-05-17 11:29:24.114394
Jacket 768,5662080.0,4.9,3,L,Unisex,2026-05-17 11:29:24.114511
Crewneck 769,6294560.0,3.3,3,XL,Men,2026-05-17 11:29:24.114629
T-shirt 770,1655040.0,3.5,3,XXL,Women,2026-05-17 11:29:24.114747
Pants 772,8748160.0,3.4,3,M,Men,2026-05-17 11:29:24.114980
Outerwear 773,3393600.0,3.2,3,L,Women,2026-05-17 11:29:24.115102
Jacket 774,1485760.0,4.1,3,XL,Unisex,2026-05-17 11:29:24.115219
Crewneck 775,8189440.0,3.1,3,XXL,Men,2026-05-17 11:29:24.115334
T-shirt 776,5333120.0,3.7,3,S,Women,2026-05-17 11:29:24.115452
Hoodie 777,6104800.0,3.4,3,M,Unisex,2026-05-17 11:29:24.115570
Pants 778,6034720.0,4.2,3,L,Men,2026-05-17 11:29:24.115686
Outerwear 779,5816480.0,3.2,3,XL,Women,2026-05-17 11:29:24.115802
Jacket 780,2767520.0,3.4,3,XXL,Unisex,2026-05-17 11:29:24.115917
T-shirt 782,4117439.9999999995,4.5,3,M,Women,2026-05-17 11:29:24.163058
Hoodie 783,2510720.0,3.0,3,L,Unisex,2026-05-17 11:29:24.163184
Pants 784,5341280.0,3.0,3,XL,Men,2026-05-17 11:29:24.163296
Outerwear 785,6444480.0,4.3,3,XXL,Women,2026-05-17 11:29:24.163408
Jacket 786,6749280.0,5.0,3,S,Unisex,2026-05-17 11:29:24.163520
Crewneck 787,4593600.0,4.7,3,M,Men,2026-05-17 11:29:24.163632
T-shirt 788,3041120.0,4.7,3,L,Women,2026-05-17 11:29:24.163744
Hoodie 789,2153280.0,4.0,3,XL,Unisex,2026-05-17 11:29:24.163855
Pants 790,1708320.0,3.2,3,XXL,Men,2026-05-17 11:29:24.163966
Jacket 792,4068960.0,3.8,3,M,Unisex,2026-05-17 11:29:24.164188
Crewneck 793,8650080.0,4.0,3,L,Men,2026-05-17 11:29:24.164299
T-shirt 794,5983040.0,4.0,3,XL,Women,2026-05-17 11:29:24.164411
Hoodie 795,4209600.0,3.9,3,XXL,Unisex,2026-05-17 11:29:24.164521
Outerwear 797,2771360.0,4.9,3,M,Women,2026-05-17 11:29:24.164743
Jacket 798,4391040.0,3.4,3,L,Unisex,2026-05-17 11:29:24.164854
Crewneck 799,4048800.0,4.2,3,XL,Men,2026-05-17 11:29:24.164964
T-shirt 800,7433280.0,4.6,3,XXL,Women,2026-05-17 11:29:24.165075
Pants 802,5710240.0,4.4,3,M,Men,2026-05-17 11:29:24.213040
Outerwear 803,1875360.0,4.3,3,L,Women,2026-05-17 11:29:24.213162
Jacket 804,4459040.0,3.9,3,XL,Unisex,2026-05-17 11:29:24.213279
Crewneck 805,3266720.0,4.8,3,XXL,Men,2026-05-17 11:29:24.213397
T-shirt 806,7310560.0,3.0,3,S,Women,2026-05-17 11:29:24.213514
Hoodie 807,5016000.0,4.7,3,M,Unisex,2026-05-17 11:29:24.213631
Pants 808,8717760.0,3.2,3,L,Men,2026-05-17 11:29:24.213748
Outerwear 809,7162560.0,3.7,3,XL,Women,2026-05-17 11:29:24.213866
Jacket 810,3796640.0,4.8,3,XXL,Unisex,2026-05-17 11:29:24.213982
T-shirt 812,6406080.0,4.2,3,M,Women,2026-05-17 11:29:24.214214
Hoodie 813,4872800.0,5.0,3,L,Unisex,2026-05-17 11:29:24.214335
Pants 814,1110080.0,4.7,3,XL,Men,2026-05-17 11:29:24.214452
Outerwear 815,5985440.0,4.8,3,XXL,Women,2026-05-17 11:29:24.214568
Jacket 816,1649120.0,4.5,3,S,Unisex,2026-05-17 11:29:24.214683
Crewneck 817,8744160.0,4.4,3,M,Men,2026-05-17 11:29:24.214794
T-shirt 818,5160320.0,3.8,3,L,Women,2026-05-17 11:29:24.214904
Hoodie 819,4742400.0,4.7,3,XL,Unisex,2026-05-17 11:29:24.215015
Pants 820,6030720.0,3.4,3,XXL,Men,2026-05-17 11:29:24.215125
Jacket 822,838240.0,4.2,3,M,Unisex,2026-05-17 11:29:24.278702
Crewneck 823,6103520.0,4.7,3,L,Men,2026-05-17 11:29:24.278823
T-shirt 824,3301440.0,4.1,3,XL,Women,2026-05-17 11:29:24.278936
Hoodie 825,1058400.0,3.8,3,XXL,Unisex,2026-05-17 11:29:24.279049
Outerwear 827,7091040.0,4.8,3,M,Women,2026-05-17 11:29:24.279271
Jacket 828,2324000.0,4.6,3,L,Unisex,2026-05-17 11:29:24.279383
Crewneck 829,4630400.0,4.4,3,XL,Men,2026-05-17 11:29:24.279494
T-shirt 830,4496480.0,3.0,3,XXL,Women,2026-05-17 11:29:24.279606
Pants 832,3955360.0,4.6,3,M,Men,2026-05-17 11:29:24.279828
Outerwear 833,7101280.0,3.0,3,L,Women,2026-05-17 11:29:24.279939
Jacket 834,7223680.0,3.1,3,XL,Unisex,2026-05-17 11:29:24.280051
Crewneck 835,7143360.0,3.9,3,XXL,Men,2026-05-17 11:29:24.280162
T-shirt 836,6065440.0,4.1,3,S,Women,2026-05-17 11:29:24.280273
Hoodie 837,5532640.0,5.0,3,M,Unisex,2026-05-17 11:29:24.280382
Pants 838,2848800.0,3.1,3,L,Men,2026-05-17 11:29:24.280494
Outerwear 839,4208320.0,3.9,3,XL,Women,2026-05-17 11:29:24.280605
Jacket 840,8164640.0,3.6,3,XXL,Unisex,2026-05-17 11:29:24.280716
T-shirt 842,2859040.0,3.3,3,M,Women,2026-05-17 11:29:24.328401
Hoodie 843,2997120.0,3.6,3,L,Unisex,2026-05-17 11:29:24.328517
Pants 844,7422880.0,3.9,3,XL,Men,2026-05-17 11:29:24.328629
Outerwear 845,2023200.0,3.2,3,XXL,Women,2026-05-17 11:29:24.328743
Jacket 846,7480480.0,3.6,3,S,Unisex,2026-05-17 11:29:24.328857
Crewneck 847,4789920.0,3.7,3,M,Men,2026-05-17 11:29:24.328971
T-shirt 848,6134240.0,4.1,3,L,Women,2026-05-17 11:29:24.329095
Hoodie 849,7816160.0,3.5,3,XL,Unisex,2026-05-17 11:29:24.329207
Pants 850,4144160.0,4.2,3,XXL,Men,2026-05-17 11:29:24.329320
Jacket 852,2777280.0,4.1,3,M,Unisex,2026-05-17 11:29:24.329541
Crewneck 853,2643840.0,3.4,3,L,Men,2026-05-17 11:29:24.329653
T-shirt 854,1600000.0,4.5,3,XL,Women,2026-05-17 11:29:24.329765
Hoodie 855,3249760.0,5.0,3,XXL,Unisex,2026-05-17 11:29:24.329882
Outerwear 857,4532800.0,3.0,3,M,Women,2026-05-17 11:29:24.330111
Jacket 858,3748640.0,3.7,3,L,Unisex,2026-05-17 11:29:24.330223
Crewneck 859,6418560.0,3.0,3,XL,Men,2026-05-17 11:29:24.330335
T-shirt 860,2419360.0,4.7,3,XXL,Women,2026-05-17 11:29:24.330446
Pants 862,4131359.9999999995,3.3,3,M,Men,2026-05-17 11:29:24.376076
Outerwear 863,1071360.0,4.0,3,L,Women,2026-05-17 11:29:24.376194
Jacket 864,2168000.0,4.5,3,XL,Unisex,2026-05-17 11:29:24.376316
Crewneck 865,6805120.0,3.9,3,XXL,Men,2026-05-17 11:29:24.376432
T-shirt 866,2399040.0,3.2,3,S,Women,2026-05-17 11:29:24.376548
Hoodie 867,1303840.0,3.3,3,M,Unisex,2026-05-17 11:29:24.376663
Pants 868,7473760.0,4.6,3,L,Men,2026-05-17 11:29:24.376777
Outerwear 869,6040320.0,4.5,3,XL,Women,2026-05-17 11:29:24.376891
Jacket 870,6395040.0,3.5,3,XXL,Unisex,2026-05-17 11:29:24.377002
T-shirt 872,1343680.0,4.3,3,M,Women,2026-05-17 11:29:24.377223
Hoodie 873,8321600.0,4.8,3,L,Unisex,2026-05-17 11:29:24.377333
Pants 874,2755200.0,4.4,3,XL,Men,2026-05-17 11:29:24.377442
Outerwear 875,2506720.0,4.6,3,XXL,Women,2026-05-17 11:29:24.377551
Jacket 876,3225760.0,4.6,3,S,Unisex,2026-05-17 11:29:24.377661
Crewneck 877,4552640.0,4.6,3,M,Men,2026-05-17 11:29:24.377771
T-shirt 878,4809760.0,4.7,3,L,Women,2026-05-17 11:29:24.377880
Hoodie 879,1026880.0000000001,3.1,3,XL,Unisex,2026-05-17 11:29:24.377990
Pants 880,6497760.0,4.3,3,XXL,Men,2026-05-17 11:29:24.378100
Jacket 882,6420960.0,3.3,3,M,Unisex,2026-05-17 11:29:24.424605
Crewneck 883,5901120.0,3.6,3,L,Men,2026-05-17 11:29:24.424725
T-shirt 884,7414720.0,4.3,3,XL,Women,2026-05-17 11:29:24.424841
Hoodie 885,4760640.0,3.4,3,XXL,Unisex,2026-05-17 11:29:24.424959
Outerwear 887,7806400.0,3.8,3,M,Women,2026-05-17 11:29:24.425191
Jacket 888,7869280.0,4.2,3,L,Unisex,2026-05-17 11:29:24.425306
Crewneck 889,6333920.0,4.6,3,XL,Men,2026-05-17 11:29:24.425422
T-shirt 890,6439040.0,4.7,3,XXL,Women,2026-05-17 11:29:24.425535
Pants 892,8515360.0,4.4,3,M,Men,2026-05-17 11:29:24.425759
Outerwear 893,2673600.0,3.2,3,L,Women,2026-05-17 11:29:24.425869
Jacket 894,2946560.0,4.8,3,XL,Unisex,2026-05-17 11:29:24.425978
Crewneck 895,1126720.0,4.3,3,XXL,Men,2026-05-17 11:29:24.426089
T-shirt 896,7873760.0,4.9,3,S,Women,2026-05-17 11:29:24.426198
Hoodie 897,6077920.0,3.1,3,M,Unisex,2026-05-17 11:29:24.426307
Pants 898,8408640.0,4.1,3,L,Men,2026-05-17 11:29:24.426415
Outerwear 899,6192960.0,4.8,3,XL,Women,2026-05-17 11:29:24.426525
Jacket 900,7214240.0,3.3,3,XXL,Unisex,2026-05-17 11:29:24.426634
T-shirt 902,3164000.0,3.6,3,M,Women,2026-05-17 11:29:24.474930
Hoodie 903,2617920.0,4.1,3,L,Unisex,2026-05-17 11:29:24.475046
Pants 904,3356320.0,3.9,3,XL,Men,2026-05-17 11:29:24.475160
Outerwear 905,5027840.0,4.9,3,XXL,Women,2026-05-17 11:29:24.475273
Jacket 906,4301760.0,3.9,3,S,Unisex,2026-05-17 11:29:24.475388
Crewneck 907,8732640.0,4.9,3,M,Men,2026-05-17 11:29:24.475500
T-shirt 908,7954880.0,4.2,3,L,Women,2026-05-17 11:29:24.475613
Hoodie 909,8383840.0,3.6,3,XL,Unisex,2026-05-17 11:29:24.475724
Pants 910,2395200.0,4.7,3,XXL,Men,2026-05-17 11:29:24.475837
Jacket 912,7853280.0,4.9,3,M,Unisex,2026-05-17 11:29:24.476071
Crewneck 913,3222240.0,3.5,3,L,Men,2026-05-17 11:29:24.476184
T-shirt 914,5799200.0,4.6,3,XL,Women,2026-05-17 11:29:24.476296
Hoodie 915,2649120.0,4.2,3,XXL,Unisex,2026-05-17 11:29:24.476416
Outerwear 917,6061600.0,4.0,3,M,Women,2026-05-17 11:29:24.476640
Jacket 918,5380800.0,3.3,3,L,Unisex,2026-05-17 11:29:24.476756
Crewneck 919,8364000.0,4.7,3,XL,Men,2026-05-17 11:29:24.476870
T-shirt 920,3706080.0,3.2,3,XXL,Women,2026-05-17 11:29:24.476984
Pants 922,1210880.0,4.4,3,M,Men,2026-05-17 11:29:24.538677
Outerwear 923,2435840.0,3.7,3,L,Women,2026-05-17 11:29:24.538797
Jacket 924,3764320.0,3.8,3,XL,Unisex,2026-05-17 11:29:24.538918
Crewneck 925,7900800.0,4.5,3,XXL,Men,2026-05-17 11:29:24.539036
T-shirt 926,1911040.0,4.6,3,S,Women,2026-05-17 11:29:24.539153
Hoodie 927,7706400.0,3.5,3,M,Unisex,2026-05-17 11:29:24.539268
Pants 928,3911680.0,3.4,3,L,Men,2026-05-17 11:29:24.539382
Outerwear 929,1253440.0,3.3,3,XL,Women,2026-05-17 11:29:24.539494
Jacket 930,1741120.0,4.9,3,XXL,Unisex,2026-05-17 11:29:24.539605
T-shirt 932,5937600.0,4.2,3,M,Women,2026-05-17 11:29:24.539825
Hoodie 933,4960800.0,3.4,3,L,Unisex,2026-05-17 11:29:24.539936
Pants 934,2248160.0,3.6,3,XL,Men,2026-05-17 11:29:24.540047
Outerwear 935,6048000.0,4.1,3,XXL,Women,2026-05-17 11:29:24.540157
Jacket 936,6165440.0,3.1,3,S,Unisex,2026-05-17 11:29:24.540361
Crewneck 937,2475360.0,4.1,3,M,Men,2026-05-17 11:29:24.540473
T-shirt 938,4058400.0,3.6,3,L,Women,2026-05-17 11:29:24.540586
Hoodie 939,4466080.0,4.8,3,XL,Unisex,2026-05-17 11:29:24.540695
Pants 940,5776000.0,3.7,3,XXL,Men,2026-05-17 11:29:24.540807
Jacket 942,7972960.0,3.0,3,M,Unisex,2026-05-17 11:29:24.586030
Crewneck 943,4571040.0,4.4,3,L,Men,2026-05-17 11:29:24.586149
T-shirt 944,1578240.0,4.6,3,XL,Women,2026-05-17 11:29:24.586268
Hoodie 945,2107680.0,4.2,3,XXL,Unisex,2026-05-17 11:29:24.586383
Outerwear 947,7079680.0,4.6,3,M,Women,2026-05-17 11:29:24.586619
Jacket 948,4600480.0,3.9,3,L,Unisex,2026-05-17 11:29:24.586734
Crewneck 949,1844320.0,4.4,3,XL,Men,2026-05-17 11:29:24.586846
T-shirt 950,7691680.0,4.9,3,XXL,Women,2026-05-17 11:29:24.586958
Pants 952,7155040.0,3.7,3,M,Men,2026-05-17 11:29:24.587184
Outerwear 953,8423200.0,3.8,3,L,Women,2026-05-17 11:29:24.587296
Jacket 954,3878720.0,4.1,3,XL,Unisex,2026-05-17 11:29:24.587408
Crewneck 955,7006560.0,4.7,3,XXL,Men,2026-05-17 11:29:24.587521
T-shirt 956,4457600.0,3.1,3,S,Women,2026-05-17 11:29:24.587634
Hoodie 957,4024320.0,4.4,3,M,Unisex,2026-05-17 11:29:24.587746
Pants 958,3946240.0,4.8,3,L,Men,2026-05-17 11:29:24.587862
Outerwear 959,6828480.0,4.6,3,XL,Women,2026-05-17 11:29:24.587972
Jacket 960,5840160.0,4.5,3,XXL,Unisex,2026-05-17 11:29:24.588085
T-shirt 962,2887840.0,4.1,3,M,Women,2026-05-17 11:29:24.640740
Hoodie 963,7916160.0,4.6,3,L,Unisex,2026-05-17 11:29:24.640854
Pants 964,3885280.0,3.3,3,XL,Men,2026-05-17 11:29:24.640971
Outerwear 965,3107200.0,4.5,3,XXL,Women,2026-05-17 11:29:24.641082
Jacket 966,8499520.0,4.9,3,S,Unisex,2026-05-17 11:29:24.641194
Crewneck 967,1744000.0,3.5,3,M,Men,2026-05-17 11:29:24.641305
T-shirt 968,4045120.0,4.4,3,L,Women,2026-05-17 11:29:24.641416
Hoodie 969,4231840.0,3.8,3,XL,Unisex,2026-05-17 11:29:24.641526
Pants 970,952960.0,4.6,3,XXL,Men,2026-05-17 11:29:24.641637
Jacket 972,7272000.0,4.4,3,M,Unisex,2026-05-17 11:29:24.642389
Crewneck 973,7134400.0,3.9,3,L,Men,2026-05-17 11:29:24.642660
T-shirt 974,4769280.0,3.0,3,XL,Women,2026-05-17 11:29:24.642866
Hoodie 975,4816000.0,3.6,3,XXL,Unisex,2026-05-17 11:29:24.643064
Outerwear 977,3356000.0,3.6,3,M,Women,2026-05-17 11:29:24.643453
Jacket 978,3918240.0,3.6,3,L,Unisex,2026-05-17 11:29:24.643676
Crewneck 979,4848480.0,3.4,3,XL,Men,2026-05-17 11:29:24.643874
T-shirt 980,6544000.0,3.1,3,XXL,Women,2026-05-17 11:29:24.644028
Pants 982,7281760.0,4.9,3,M,Men,2026-05-17 11:29:24.728846
Outerwear 983,5762560.0,3.2,3,L,Women,2026-05-17 11:29:24.728963
Jacket 984,7349440.0,3.8,3,XL,Unisex,2026-05-17 11:29:24.729078
Crewneck 985,6236000.0,4.3,3,XXL,Men,2026-05-17 11:29:24.729189
T-shirt 986,6713760.0,4.5,3,S,Women,2026-05-17 11:29:24.729301
Hoodie 987,4008000.0,4.7,3,M,Unisex,2026-05-17 11:29:24.729418
Pants 988,2054239.9999999998,3.5,3,L,Men,2026-05-17 11:29:24.729529
Outerwear 989,6869440.0,4.2,3,XL,Women,2026-05-17 11:29:24.729641
Jacket 990,3327360.0,4.2,3,XXL,Unisex,2026-05-17 11:29:24.729752
T-shirt 992,4840480.0,4.9,3,M,Women,2026-05-17 11:29:24.729978
Hoodie 993,6361920.0,3.4,3,L,Unisex,2026-05-17 11:29:24.730088
Pants 994,1693760.0,4.4,3,XL,Men,2026-05-17 11:29:24.730199
Outerwear 995,8046720.0,3.2,3,XXL,Women,2026-05-17 11:29:24.730310
Jacket 996,6942400.0,4.3,3,S,Unisex,2026-05-17 11:29:24.730425
Crewneck 997,5321280.0,3.9,3,M,Men,2026-05-17 11:29:24.730536
T-shirt 998,908000.0,4.2,3,L,Women,2026-05-17 11:29:24.730646
Hoodie 999,8534240.0,4.8,3,XL,Unisex,2026-05-17 11:29:24.730759
Pants 1000,2938240.0,4.7,3,XXL,Men,2026-05-17 11:29:24.730870
